epoch,time,train/loss,metrics/accuracy_top1,metrics/accuracy_top5,val/loss,lr/pg0,lr/pg1,lr/pg2
1,4.28485,0.7067,0.75,1,0.67871,7.14e-06,7.14e-06,7.14e-06
2,7.24955,0.7156,0.75,1,0.67139,2.12079e-05,2.12079e-05,2.12079e-05
3,12.1085,0.65664,0.75,1,0.66309,3.49931e-05,3.49931e-05,3.49931e-05
4,15.1207,0.66286,0.75,1,0.65332,4.84956e-05,4.84956e-05,4.84956e-05
